{"web":{"client_id":"47071597710-66v98rms1tfpsrggrtg70o2go17n7tdu.apps.googleusercontent.com","project_id":"my-project-1540297856174","auth_uri":"https://accounts.google.com/o/oauth2/auth","token_uri":"https://www.googleapis.com/oauth2/v3/token","auth_provider_x509_cert_url":"https://www.googleapis.com/oauth2/v1/certs","client_secret":"VkPnd0dYAeTQCFNb9bGJaqBA","redirect_uris":["http://localhost/php-oauth2-example/oauth2callback.php","http://localhost/60/google-login.php","http://localhost/googleapi_sendmail/1.php"],"javascript_origins":["http://localhost"]}}